<?xml version="1.0" encoding="UTF-8"?>
<beans xmlns="http://www.springframework.org/schema/beans"
 xmlns:xsi="http://www.w3.org/2001/XMLSchema-instance"
 xmlns:context="http://www.springframework.org/schema/context"
 xmlns:p="http://www.springframework.org/schema/p"
 xmlns:mvc="http://www.springframework.org/schema/mvc"
 xsi:schemaLocation="http://www.springframework.org/schema/mvc http://www.springframework.org/schema/mvc/spring-mvc-3.0.xsd
  http://www.springframework.org/schema/beans http://www.springframework.org/schema/beans/spring-beans-3.0.xsd
  http://www.springframework.org/schema/context http://www.springframework.org/schema/context/spring-context-3.0.xsd">	

	<mvc:annotation-driven />
	
	<context:component-scan base-package="com.softserveinc.edu.oms.web.user" />
	<context:component-scan base-package="com.softserveinc.edu.oms.web.userinfo" />
	<context:component-scan base-package="com.softserveinc.edu.oms.web.product" />
	<context:component-scan base-package="com.softserveinc.edu.oms.web.orderitem" />
	<context:component-scan base-package="com.softserveinc.edu.oms.web.security" />
	<context:component-scan base-package="com.softserveinc.edu.oms.web.order" />
	<context:component-scan base-package="com.softserveinc.edu.oms.web.merchandiserpages" />
	<context:component-scan base-package="com.softserveinc.edu.oms.web.itemManagement" />
	<context:component-scan base-package="com.softserveinc.edu.oms.web.itemsmanagement" />
	<context:component-scan base-package="com.softserveinc.edu.oms.web.unifiederrorpage" />
	
	<!--  Locale-->
	<mvc:interceptors>
		<!-- Changes the locale when a 'locale' request parameter is sent; e.g. /?locale=de -->
		<bean class="org.springframework.web.servlet.i18n.LocaleChangeInterceptor">
			 <property name="paramName" value="lang"></property>
		</bean>
	</mvc:interceptors>
	
	<bean id="localeResolver" class="org.springframework.web.servlet.i18n.CookieLocaleResolver" >
		<property name="defaultLocale" value="en_US"/>
	</bean>
	
	
	<bean id="tilesConfigurer"
		class="org.springframework.web.servlet.view.tiles2.TilesConfigurer"
		p:definitions="/WEB-INF/tiles-defs.xml" />

	<bean id="viewResolverForTiles"
		class="org.springframework.web.servlet.view.ResourceBundleViewResolver"
		p:basename="views" />

	<bean id="viewResolverSimple"
		class="org.springframework.web.servlet.view.InternalResourceViewResolver">
		<property name="viewClass"
			value="org.springframework.web.servlet.view.JstlView" />
		<property name="prefix" value="/WEB-INF/views/" />

		<property name="suffix" value=".jsp" />
	</bean>
	

</beans>